[
  {
    "model": "kitchen_service.dishtype",
    "pk": 1,
    "fields": {
      "name": "DishType14"
    }
  },
  {
    "model": "kitchen_service.dishtype",
    "pk": 2,
    "fields": {
      "name": "DishType13"
    }
  },
  {
    "model": "kitchen_service.dishtype",
    "pk": 3,
    "fields": {
      "name": "DishType12"
    }
  },
  {
    "model": "kitchen_service.dishtype",
    "pk": 4,
    "fields": {
      "name": "DishType11"
    }
  },
  {
    "model": "kitchen_service.dishtype",
    "pk": 5,
    "fields": {
      "name": "DishType10"
    }
  },
  {
    "model": "kitchen_service.dishtype",
    "pk": 6,
    "fields": {
      "name": "DishType9"
    }
  },
  {
    "model": "kitchen_service.dishtype",
    "pk": 7,
    "fields": {
      "name": "DishType8"
    }
  },
  {
    "model": "kitchen_service.dishtype",
    "pk": 8,
    "fields": {
      "name": "DishType7"
    }
  },
  {
    "model": "kitchen_service.dishtype",
    "pk": 9,
    "fields": {
      "name": "DishType6"
    }
  },
  {
    "model": "kitchen_service.dishtype",
    "pk": 10,
    "fields": {
      "name": "DishType5"
    }
  },
  {
    "model": "kitchen_service.dishtype",
    "pk": 11,
    "fields": {
      "name": "DishType4"
    }
  },
  {
    "model": "kitchen_service.dishtype",
    "pk": 12,
    "fields": {
      "name": "DishType3"
    }
  },
  {
    "model": "kitchen_service.dishtype",
    "pk": 13,
    "fields": {
      "name": "DishType2"
    }
  },
  {
    "model": "kitchen_service.dishtype",
    "pk": 14,
    "fields": {
      "name": "DishType1"
    }
  },
  {
    "model": "kitchen_service.cook",
    "pk": 1,
    "fields": {
      "password": "pbkdf2_sha256$320000$6uM28XWOFX6ewyloJzjqmt$L+ZhofPylneoaL2iZS4sZu4ZMUNb4oIevfAdzOMn/eE=",
      "last_login": "2022-08-08T14:14:03Z",
      "is_superuser": true,
      "username": "admin.user",
      "first_name": "Admin",
      "last_name": "User",
      "email": "admin.user@taxi.com",
      "is_staff": true,
      "is_active": true,
      "date_joined": "2022-08-08T13:58:29Z",
      "years_of_experience": 4,
      "groups": [],
      "user_permissions": []
    }
  },
  {
    "model": "kitchen_service.cook",
    "pk": 2,
    "fields": {
      "password": "pbkdf2_sha256$320000$73Z1Y57bcoscZ37s9rE9v0$4SEQ0TtXwJKzO5/CRdFSrTifatiPjkZ38gM2H8Kqsdg=",
      "last_login": null,
      "is_superuser": false,
      "username": "joyce.byers",
      "first_name": "Joyce",
      "last_name": "Byers",
      "email": "joyce.byers@taxi.com",
      "is_staff": false,
      "is_active": true,
      "date_joined": "2022-08-08T14:17:04Z",
      "years_of_experience": 3,
      "groups": [],
      "user_permissions": []
    }
  },
  {
    "model": "kitchen_service.cook",
    "pk": 3,
    "fields": {
      "password": "pbkdf2_sha256$320000$QtPol3T7x9quBj4BnbnVwW$UwT4kihkRfSvQEWEeuqVKwMgis2ikKVZfJDBcQMvOKY=",
      "last_login": null,
      "is_superuser": false,
      "username": "jim.hopper",
      "first_name": "Jim",
      "last_name": "Hopper",
      "email": "jim.hopper@taxi.com",
      "is_staff": false,
      "is_active": true,
      "date_joined": "2022-08-08T14:19:09Z",
      "years_of_experience": 7,
      "groups": [],
      "user_permissions": []
    }
  },
  {
    "model": "kitchen_service.cook",
    "pk": 4,
    "fields": {
      "password": "pbkdf2_sha256$320000$9yU0PLTDKlL02PedUtk2l1$LKjj8O1xGiPGEkDpjsHk87db1iLgt8dgDqECzcsivio",
      "last_login": null,
      "is_superuser": false,
      "username": "jonathan.byers",
      "first_name": "Jonathan",
      "last_name": "Byers",
      "email": "jonathan.byers@taxi.com",
      "is_staff": false,
      "is_active": true,
      "date_joined": "2022-08-08T14:19:09Z",
      "years_of_experience": 6,
      "groups": [],
      "user_permissions": []
    }
  },
  {
    "model": "kitchen_service.cook",
    "pk": 5,
    "fields": {
      "password": "pbkdf2_sha256$320000$9yU0PLTDKlL02PedUtk2l1$LKjj8O1xGiPGEkDpjsHk87db1iLgt8dgDqECzcsivio",
      "last_login": null,
      "is_superuser": false,
      "username": "dustin.henderson",
      "first_name": "Dustin",
      "last_name": "Henderson",
      "email": "dustin.henderson@taxi.com",
      "is_staff": false,
      "is_active": true,
      "date_joined": "2022-08-09T14:19:09Z",
      "years_of_experience": 5,
      "groups": [],
      "user_permissions": []
    }
  },
  {
    "model": "kitchen_service.cook",
    "pk": 6,
    "fields": {
      "password": "pbkdf2_sha256$320000$9yU0PLTDKlL02PedUtk2l2$LKjj8O1xGiPGEkDpjsHk87db1iLgt8dgDqECzcsivio",
      "last_login": null,
      "is_superuser": false,
      "username": "mike.wheeler",
      "first_name": "Mike",
      "last_name": "Wheeler",
      "email": "mike.wheeler@taxi.com",
      "is_staff": false,
      "is_active": true,
      "date_joined": "2022-08-09T14:19:09Z",
      "years_of_experience": 5,
      "groups": [],
      "user_permissions": []
    }
  },
  {
    "model": "kitchen_service.cook",
    "pk": 7,
    "fields": {
      "password": "pbkdf2_sha256$320000$9yU0PLTDKlL02PedUtk2l2$LKjj8O1xGiPGEkDpjsHk87db1iLgt8dgDqECzcsivio",
      "last_login": null,
      "is_superuser": false,
      "username": "lucas.sinclair",
      "first_name": "Lucas",
      "last_name": "Sinclair",
      "email": "lucas.sinclair@taxi.com",
      "is_staff": false,
      "is_active": true,
      "date_joined": "2022-08-09T14:19:09Z",
      "years_of_experience": 4,
      "groups": [],
      "user_permissions": []
    }
  },
  {
    "model": "kitchen_service.cook",
    "pk": 8,
    "fields": {
      "password": "pbkdf2_sha256$320000$9yU0PLTDKlL02PedUtk2l2$LKjj8O1xGiPGEkDpjsHk87db1iLgt8dgDqECzcsivio",
      "last_login": null,
      "is_superuser": false,
      "username": "nancy.wheeler",
      "first_name": "Nancy",
      "last_name": "Wheeler",
      "email": "nancy.wheeler@kitchen_service.com",
      "is_staff": false,
      "is_active": true,
      "date_joined": "2022-08-09T14:19:09Z",
      "years_of_experience": 3,
      "groups": [],
      "user_permissions": []
    }
  },
  {
    "model": "kitchen_service.cook",
    "pk": 9,
    "fields": {
      "password": "pbkdf2_sha256$320000$9yU0PLTDKlL02PedUtk2l2$LKjj8O1xGiPGEkDpjsHk87db1iLgt8dgDqECzcsivio",
      "last_login": null,
      "is_superuser": false,
      "username": "martin.brenner",
      "first_name": "Martin",
      "last_name": "Brenner",
      "email": "martin.brenner@kitchen_service.com",
      "is_staff": false,
      "is_active": true,
      "date_joined": "2022-08-09T14:19:09Z",
      "years_of_experience": 12,
      "groups": [],
      "user_permissions": []
    }
  },
  {
    "model": "kitchen_service.cook",
    "pk": 10,
    "fields": {
      "password": "pbkdf2_sha256$320000$9yU0PLTDKlL02PedUtk2l2$LKjj8O1xGiPGEkDpjsHk87db1iLgt8dgDqECzcsivio",
      "last_login": null,
      "is_superuser": false,
      "username": "billy.hargrove",
      "first_name": "Billy",
      "last_name": "Hargrove",
      "email": "billy.hargrove@kitchen_service.com",
      "is_staff": false,
      "is_active": true,
      "date_joined": "2022-08-09T14:19:09Z",
      "years_of_experience": 2,
      "groups": [],
      "user_permissions": []
    }
  },
    {
    "model": "kitchen_service.cook",
    "pk": 11,
    "fields": {
      "password": "pbkdf2_sha256$320000$9yU0PLTDKlL02PedUtk2l2$LKjj8O1xGiPGEkDpjsHk87db1iLgt8dgDqECzcsivio",
      "last_login": null,
      "is_superuser": false,
      "username": "bob.newby",
      "first_name": "Bob",
      "last_name": "Newby",
      "email": "bob.newby@kitchen_service.com",
      "is_staff": false,
      "is_active": true,
      "date_joined": "2022-08-09T14:19:09Z",
      "years_of_experience": 1,
      "groups": [],
      "user_permissions": []
    }
  },
  {
    "model": "kitchen_service.dish",
    "pk": 1,
    "fields": {
      "name": "Soup with mushrooms",
      "price": 110.21,
      "dish_type": 1,
      "cooks": [
        3
      ]
    }
  },
  {
    "model": "kitchen_service.dish",
    "pk": 2,
    "fields": {
      "name": "Shashlyk",
      "price": 210.41,
      "dish_type": 4,
      "cooks": [
        2,
        3
      ]
    }
  },
  {
    "model": "kitchen_service.dish",
    "pk": 3,
    "fields": {
      "name": "Salo",
      "price": 105.41,
      "dish_type": 5,
      "cooks": [
        1,
        2,
        5
      ]
    }
  },
  {
    "model": "kitchen_service.dish",
    "pk": 4,
    "fields": {
      "name": "Olivie",
      "price": 18.41,
      "dish_type": 6,
      "cooks": [
        1
      ]
    }
  },
  {
    "model": "kitchen_service.dish",
    "pk": 5,
    "fields": {
      "name": "Mlyntsi",
      "price": 13.71,
      "dish_type": 6,
      "cooks": [
        11
      ]
    }
  },
  {
    "model": "kitchen_service.dish",
    "pk": 6,
    "fields": {
      "name": "Bohrach",
      "price": 20.51,
      "dish_type": 2,
      "cooks": [
        4
      ]
    }
  },
  {
    "model": "kitchen_service.dish",
    "pk": 7,
    "fields": {
      "name": "Syrnyky",
      "price": 170.71,
      "dish_type": 3,
      "cooks": [
        5
      ]
    }
  },
  {
    "model": "kitchen_service.dish",
    "pk": 8,
    "fields": {
      "name": "Pelmeny",
      "price": 19.77,
      "dish_type": 13,
      "cooks": [
      ]
    }
  },
  {
    "model": "kitchen_service.dish",
    "pk": 9,
    "fields": {
      "name": "Holubtsi",
      "price": 105.71,
      "dish_type": 13,
      "cooks": [
        9
      ]
    }
  },
  {
    "model": "kitchen_service.dish",
    "pk": 10,
    "fields": {
      "name": "Burger",
      "price": 310.71,
      "dish_type": 11,
      "cooks": [
        8
      ]
    }
  },
  {
    "model": "kitchen_service.dish",
    "pk": 11,
    "fields": {
      "name": "Pizza",
      "price": 100.71,
      "dish_type": 11,
      "cooks": [
        7,
        3
      ]
    }
  },
  {
    "model": "kitchen_service.dish",
    "pk": 12,
    "fields": {
      "name": "Borshch",
      "price": 160.71,
      "dish_type": 8,
      "cooks": [
        6
      ]
    }
  },
  {
    "model": "kitchen_service.dish",
    "pk": 13,
    "fields": {
      "name": "Karbonara",
      "price": 108.41,
      "dish_type": 8,
      "cooks": [
        11,
        7
      ]
    }
  },
  {
    "model": "kitchen_service.dish",
    "pk": 14,
    "fields": {
      "name": "Tomato soup",
      "price": 410.71,
      "dish_type": 14,
      "cooks": [
        10
      ]
    }
  },
  {
    "model": "kitchen_service.dish",
    "pk": 15,
    "fields": {
      "name": "Varenyky",
      "price": 120.71,
      "dish_type": 10,
      "cooks": [
        9
      ]
    }
  },
  {
    "model": "kitchen_service.dish",
    "pk": 16,
    "fields": {
      "name": "Napoleon",
      "price": 10.71,
      "dish_type": 12,
      "cooks": [
        4
      ]
    }
  }
]
